TABLE_NAME,RECORD_KEY,FIELD,OLD_VALUE,NEW_VALUE,CHANGED_BY,CHANGED_ON,REASON
RESULT,900036,ENTRY,3,4,skwon,2025-04-11T15:00:00,Transcription correction after review
RESULT,900224,ENTRY,-1,0,jchen,2025-05-05T21:00:00,Transcription correction after review
RESULT,900294,ENTRY,-1,0,jchen,2025-05-14T20:00:00,Transcription correction after review
RESULT,900326,ENTRY,4,5,skwon,2025-05-16T16:00:00,Transcription correction after review
RESULT,900344,ENTRY,-1,0,mrodriguez,2025-05-18T20:00:00,Transcription correction after review
RESULT,900348,ENTRY,-1,0,dpatel,2025-05-19T20:00:00,Transcription correction after review
RESULT,900374,ENTRY,-1,0,jchen,2025-05-21T16:00:00,Transcription correction after review
RESULT,900480,ENTRY,4,5,dpatel,2025-06-03T13:00:00,Transcription correction after review
RESULT,900530,ENTRY,1,2,skwon,2025-06-10T12:00:00,Transcription correction after review
RESULT,900566,ENTRY,8,9,jchen,2025-06-12T00:00:00,Transcription correction after review
RESULT,900579,ENTRY,0,1,tolawale,2025-06-14T09:00:00,Transcription correction after review
RESULT,900599,ENTRY,13,14,anguyen,2025-06-17T08:00:00,Transcription correction after review
RESULT,900656,ENTRY,-1,0,skwon,2025-06-28T22:00:00,Transcription correction after review
RESULT,900712,ENTRY,-1,0,tolawale,2025-06-29T10:00:00,Transcription correction after review
RESULT,900887,ENTRY,-1,0,mrodriguez,2025-07-20T01:00:00,Transcription correction after review
RESULT,900895,ENTRY,4,5,tolawale,2025-07-21T15:00:00,Transcription correction after review
RESULT,900951,ENTRY,1,2,tolawale,2025-07-27T04:00:00,Transcription correction after review
RESULT,900955,ENTRY,25,26,skwon,2025-07-25T17:00:00,Transcription correction after review
RESULT,900979,ENTRY,20,21,tolawale,2025-07-30T16:00:00,Transcription correction after review
RESULT,901024,ENTRY,5,6,skwon,2025-08-02T22:00:00,Transcription correction after review
RESULT,901061,ENTRY,1,2,jchen,2025-08-07T10:00:00,Transcription correction after review
RESULT,901066,ENTRY,-1,0,dpatel,2025-08-09T08:00:00,Transcription correction after review
RESULT,901160,ENTRY,-1,0,mrodriguez,2025-08-18T18:00:00,Transcription correction after review
RESULT,901223,ENTRY,-1,0,dpatel,2025-08-26T15:00:00,Transcription correction after review
RESULT,901245,ENTRY,19,20,dpatel,2025-08-28T13:00:00,Transcription correction after review
RESULT,901285,ENTRY,8,9,skwon,2025-09-06T12:00:00,Transcription correction after review
RESULT,901392,ENTRY,-1,0,mrodriguez,2025-09-14T23:00:00,Transcription correction after review
RESULT,901483,ENTRY,-1,0,skwon,2025-09-25T10:00:00,Transcription correction after review
RESULT,901523,ENTRY,-1,0,anguyen,2025-09-30T15:00:00,Transcription correction after review
RESULT,901571,ENTRY,-1,0,tolawale,2025-10-05T11:00:00,Transcription correction after review
RESULT,901691,ENTRY,-1,0,tolawale,2025-10-16T14:00:00,Transcription correction after review
RESULT,901698,ENTRY,-1,0,tolawale,2025-10-19T10:00:00,Transcription correction after review
RESULT,901732,ENTRY,0,1,anguyen,2025-10-21T22:00:00,Transcription correction after review
RESULT,901737,ENTRY,31,32,tolawale,2025-10-23T05:00:00,Transcription correction after review
RESULT,901829,ENTRY,11,12,skwon,2025-11-02T03:00:00,Transcription correction after review
RESULT,901851,ENTRY,-1,0,dpatel,2025-11-04T17:00:00,Transcription correction after review
RESULT,901873,ENTRY,16,17,jchen,2025-11-08T23:00:00,Transcription correction after review
RESULT,902000,ENTRY,-1,0,skwon,2025-11-24T16:00:00,Transcription correction after review
RESULT,902114,ENTRY,1,2,mrodriguez,2025-12-05T17:00:00,Transcription correction after review
RESULT,902210,ENTRY,-1,0,anguyen,2025-12-15T19:00:00,Transcription correction after review
RESULT,902221,ENTRY,-1,0,skwon,2025-12-17T18:00:00,Transcription correction after review
RESULT,902238,ENTRY,-1,0,mrodriguez,2025-12-20T02:00:00,Transcription correction after review
RESULT,902284,ENTRY,2,3,jchen,2025-12-24T22:00:00,Transcription correction after review
RESULT,902298,ENTRY,-1,0,jchen,2025-12-26T04:00:00,Transcription correction after review
RESULT,902341,ENTRY,-1,0,mrodriguez,2025-12-31T16:00:00,Transcription correction after review
RESULT,902369,ENTRY,6,7,tolawale,2026-01-03T21:00:00,Transcription correction after review
RESULT,902421,ENTRY,1,2,dpatel,2026-01-10T13:00:00,Transcription correction after review
RESULT,902425,ENTRY,21,22,skwon,2026-01-09T02:00:00,Transcription correction after review
RESULT,902435,ENTRY,0,1,anguyen,2026-01-12T01:00:00,Transcription correction after review
RESULT,902457,ENTRY,16,17,anguyen,2026-01-13T23:00:00,Transcription correction after review
RESULT,902510,ENTRY,4,5,dpatel,2026-01-19T22:00:00,Transcription correction after review
RESULT,902577,ENTRY,0,1,jchen,2026-01-28T15:00:00,Transcription correction after review
RESULT,902610,ENTRY,1,2,skwon,2026-01-30T09:00:00,Transcription correction after review
RESULT,902614,ENTRY,-1,0,tolawale,2026-01-31T03:00:00,Transcription correction after review
RESULT,902616,ENTRY,0,1,mrodriguez,2026-01-31T01:00:00,Transcription correction after review
RESULT,902633,ENTRY,0,1,skwon,2026-02-01T15:00:00,Transcription correction after review
RESULT,902782,ENTRY,-1,0,tolawale,2026-02-19T15:00:00,Transcription correction after review
RESULT,902805,ENTRY,6,7,jchen,2026-02-21T19:00:00,Transcription correction after review
RESULT,902848,ENTRY,-1,0,skwon,2026-02-27T07:00:00,Transcription correction after review
RESULT,902965,ENTRY,0,1,anguyen,2026-03-12T07:00:00,Transcription correction after review
RESULT,903036,ENTRY,-1,0,mrodriguez,2026-03-20T18:00:00,Transcription correction after review
RESULT,903044,ENTRY,-1,0,dpatel,2026-03-28T18:00:00,Transcription correction after review
RESULT,903062,ENTRY,0,1,tolawale,2026-03-23T13:00:00,Transcription correction after review
RESULT,903115,ENTRY,-1,0,tolawale,2026-03-30T16:00:00,Transcription correction after review
RESULT,903147,ENTRY,-1,0,tolawale,2026-04-01T14:00:00,Transcription correction after review
RESULT,903164,ENTRY,-1,0,dpatel,2026-04-03T18:00:00,Transcription correction after review
RESULT,903303,ENTRY,10,11,jchen,2026-04-18T21:00:00,Transcription correction after review
RESULT,903327,ENTRY,9,10,tolawale,2026-04-22T12:00:00,Transcription correction after review
RESULT,903367,ENTRY,0,1,jchen,2026-04-27T04:00:00,Transcription correction after review
RESULT,903378,ENTRY,3,4,dpatel,2026-04-27T11:00:00,Transcription correction after review
RESULT,903478,ENTRY,-1,0,skwon,2026-05-08T21:00:00,Transcription correction after review
RESULT,903505,ENTRY,7,8,tolawale,2026-05-10T23:00:00,Transcription correction after review
RESULT,903537,ENTRY,7,8,mrodriguez,2026-05-15T12:00:00,Transcription correction after review
RESULT,903583,ENTRY,9,10,tolawale,2026-05-20T23:00:00,Transcription correction after review
RESULT,903622,ENTRY,0,1,jchen,2026-05-25T14:00:00,Transcription correction after review
RESULT,903627,ENTRY,-1,0,mrodriguez,2026-05-26T21:00:00,Transcription correction after review
RESULT,903640,ENTRY,3,4,skwon,2026-05-27T15:00:00,Transcription correction after review
RESULT,903689,ENTRY,5,6,dpatel,2026-06-03T08:00:00,Transcription correction after review
RESULT,903703,ENTRY,-1,0,anguyen,2026-06-07T18:00:00,Transcription correction after review
RESULT,903715,ENTRY,7,8,jchen,2026-06-05T15:00:00,Transcription correction after review
RESULT,903766,ENTRY,-1,0,tolawale,2026-06-13T01:00:00,Transcription correction after review
RESULT,903882,ENTRY,0,1,tolawale,2026-06-25T21:00:00,Transcription correction after review
RESULT,903966,ENTRY,3,4,jchen,2026-07-06T14:00:00,Transcription correction after review
RESULT,903982,ENTRY,3,4,jchen,2026-07-07T07:00:00,Transcription correction after review
RESULT,904035,ENTRY,14,15,dpatel,2026-07-13T13:00:00,Transcription correction after review
RESULT,904048,ENTRY,-1,0,skwon,2026-07-21T05:00:00,Transcription correction after review
RESULT,904114,ENTRY,6,7,jchen,2026-07-22T16:00:00,Transcription correction after review
RESULT,904149,ENTRY,-1,0,skwon,2026-07-27T21:00:00,Transcription correction after review
RESULT,904188,ENTRY,5,6,dpatel,2026-07-31T14:00:00,Transcription correction after review
RESULT,904238,ENTRY,-1,0,tolawale,2026-08-06T16:00:00,Transcription correction after review
RESULT,904244,ENTRY,2,3,mrodriguez,2026-08-07T03:00:00,Transcription correction after review
RESULT,904271,ENTRY,-1,0,jchen,2026-08-10T14:00:00,Transcription correction after review
RESULT,904279,ENTRY,-1,0,dpatel,2026-08-10T16:00:00,Transcription correction after review
RESULT,904396,ENTRY,1,2,tolawale,2026-08-24T00:00:00,Transcription correction after review
RESULT,904446,ENTRY,5,6,dpatel,2026-08-31T05:00:00,Transcription correction after review
RESULT,904462,ENTRY,5,6,skwon,2026-09-01T21:00:00,Transcription correction after review
RESULT,904501,ENTRY,6,7,skwon,2026-09-06T10:00:00,Transcription correction after review
RESULT,904561,ENTRY,2,3,skwon,2026-09-12T16:00:00,Transcription correction after review
RESULT,904631,ENTRY,9,10,mrodriguez,2026-09-21T01:00:00,Transcription correction after review
RESULT,904633,ENTRY,22,23,jchen,2026-09-22T07:00:00,Transcription correction after review
RESULT,904680,ENTRY,8,9,tolawale,2026-09-28T16:00:00,Transcription correction after review
