INV_ID,RESULT_NUMBER,PHASE,ASSIGNABLE_CAUSE,OPENED,CLOSED,CAPA_ID
1,900442,I,,2025-05-29T11:00:00,2025-06-05T11:00:00,CAPA-0001
2,900519,I,,2025-06-08T17:00:00,2025-06-14T17:00:00,
3,900622,I,,2025-06-18T10:00:00,2025-06-23T10:00:00,
4,900647,I,,2025-06-22T14:00:00,2025-06-24T14:00:00,
5,900686,I,,2025-06-26T11:00:00,2025-06-29T11:00:00,
6,900847,I,,2025-07-14T16:00:00,2025-07-18T16:00:00,
7,900901,I,,2025-07-20T17:00:00,2025-07-24T17:00:00,
8,900941,I,,2025-07-25T10:00:00,2025-08-01T10:00:00,CAPA-0008
9,900949,I,,2025-07-26T11:00:00,2025-07-30T11:00:00,
10,900965,I,,2025-07-28T13:00:00,2025-08-01T13:00:00,
11,901113,I,,2025-08-13T09:00:00,2025-08-17T09:00:00,
12,901264,I,,2025-08-30T15:00:00,2025-09-01T15:00:00,
13,901376,I,,2025-09-12T10:00:00,2025-09-14T10:00:00,
14,901562,I,,2025-10-02T09:00:00,2025-10-05T09:00:00,CAPA-0014
15,901628,I,,2025-10-09T13:00:00,2025-10-12T13:00:00,
16,901793,I,,2025-10-29T12:00:00,2025-11-02T12:00:00,CAPA-0016
17,901883,I,,2025-11-08T17:00:00,2025-11-15T17:00:00,CAPA-0017
18,901891,I,,2025-11-09T11:00:00,2025-11-13T11:00:00,
19,901966,I,,2025-11-19T08:00:00,2025-11-21T08:00:00,CAPA-0019
20,902028,I,,2025-11-25T09:00:00,2025-11-28T09:00:00,CAPA-0020
21,902110,I,,2025-12-04T08:00:00,2025-12-10T08:00:00,CAPA-0021
22,902126,I,,2025-12-07T15:00:00,2025-12-09T15:00:00,
23,902169,I,,2025-12-10T15:00:00,2025-12-17T15:00:00,CAPA-0023
24,902201,I,,2025-12-14T10:00:00,2025-12-18T10:00:00,CAPA-0024
25,902228,I,,2025-12-17T17:00:00,2025-12-19T17:00:00,
26,902435,I,,2026-01-11T12:00:00,2026-01-16T12:00:00,CAPA-0026
27,902480,I,,2026-01-16T15:00:00,2026-01-18T15:00:00,CAPA-0027
28,902639,I,,2026-02-03T10:00:00,2026-02-07T10:00:00,CAPA-0028
29,902718,I,,2026-02-11T12:00:00,2026-02-16T12:00:00,CAPA-0029
30,902734,I,,2026-02-13T14:00:00,2026-02-17T14:00:00,
31,902766,I,,2026-02-16T14:00:00,2026-02-20T14:00:00,CAPA-0031
32,902872,I,,2026-03-01T09:00:00,2026-03-05T09:00:00,CAPA-0032
33,903275,I,,2026-04-15T06:00:00,2026-04-21T06:00:00,
34,903349,I,,2026-04-23T07:00:00,2026-04-27T07:00:00,
35,903380,I,,2026-04-28T15:00:00,2026-05-05T15:00:00,
36,903413,I,,2026-04-30T13:00:00,2026-05-05T13:00:00,CAPA-0036
37,903579,I,,2026-05-19T15:00:00,2026-05-22T15:00:00,
38,903653,I,,2026-05-28T16:00:00,2026-05-31T16:00:00,CAPA-0038
39,903772,I,,2026-06-12T14:00:00,2026-06-18T14:00:00,CAPA-0039
40,903882,I,,2026-06-25T13:00:00,2026-06-29T13:00:00,
41,903931,I,,2026-06-30T13:00:00,2026-07-07T13:00:00,CAPA-0041
42,903947,I,,2026-07-02T13:00:00,2026-07-08T13:00:00,CAPA-0042
43,904065,I,,2026-07-16T14:00:00,2026-07-18T14:00:00,CAPA-0043
44,904080,I,,2026-07-18T10:00:00,2026-07-25T10:00:00,CAPA-0044
45,904097,I,,2026-07-20T17:00:00,2026-07-23T17:00:00,
46,904270,I,,2026-08-09T09:00:00,2026-08-13T09:00:00,
47,904331,I,,2026-08-16T06:00:00,2026-08-20T06:00:00,CAPA-0047
48,904359,I,,2026-08-20T08:00:00,2026-08-26T08:00:00,
49,904382,I,,2026-08-23T11:00:00,2026-08-25T11:00:00,CAPA-0049
50,904474,I,,2026-09-03T11:00:00,2026-09-06T11:00:00,CAPA-0050
51,904491,I,,2026-09-05T18:00:00,2026-09-11T18:00:00,
52,904559,I,,2026-09-19T12:00:00,2026-09-25T12:00:00,CAPA-0052
53,904642,I,,2026-09-23T12:00:00,2026-09-29T12:00:00,CAPA-0053
54,904676,I,,2026-09-26T15:00:00,2026-10-02T15:00:00,
55,904691,I,,2026-09-29T10:00:00,2026-10-04T10:00:00,CAPA-0055
