LOT_NUMBER,PRODUCT,MFG_DATE,DISPOSITION,RELEASED_ON
L000001,VLV-2200,2025-07-28,RELEASED,2025-08-09T00:00:00
L000002,VLV-2200,2025-04-30,RELEASED,2025-06-14T12:00:00
L000003,VLV-2200,2026-01-11,,
L000004,VLV-2200,2025-12-11,RELEASED,2026-01-06T18:00:00
L000005,VLV-2200,2025-11-19,,
L000006,VLV-2200,2025-08-25,,
L000007,VLV-2200,2025-07-18,RELEASED,2025-07-29T21:00:00
L000008,VLV-2200,2025-07-03,RELEASED,2025-07-09T22:00:00
L000009,VLV-2200,2026-06-11,RELEASED,2026-07-17T05:00:00
L000010,VLV-2200,2025-05-07,,
L000011,VLV-2200,2025-05-05,RELEASED,2025-05-20T23:00:00
L000012,VLV-2200,2025-07-09,RELEASED,2025-07-25T17:00:00
L000013,VLV-2200,2025-11-14,,
L000014,VLV-2200,2025-11-29,,
L000015,VLV-2200,2026-09-04,RELEASED,2026-10-02T01:00:00
L000016,VLV-2200,2025-05-02,RELEASED,2025-05-09T21:00:00
L000017,VLV-2200,2025-10-25,,
L000018,VLV-2200,2026-06-08,,
L000019,VLV-2200,2025-11-16,,
L000020,VLV-2200,2026-07-08,RELEASED,2026-08-22T01:00:00
L000021,VLV-2200,2026-01-14,RELEASED,2026-03-05T03:00:00
L000022,VLV-2200,2025-04-11,,
L000023,VLV-2200,2025-09-15,RELEASED,2025-09-27T17:00:00
L000024,VLV-2200,2026-06-11,RELEASED,2026-07-11T01:00:00
L000025,VLV-2200,2026-03-19,,
L000026,VLV-2200,2026-01-14,RELEASED,2026-02-27T03:00:00
L000027,VLV-2200,2025-09-11,RELEASED,2025-10-03T23:00:00
L000028,VLV-2200,2025-11-11,,
L000029,VLV-2400,2026-03-15,,
L000030,VLV-2400,2025-07-18,RELEASED,2025-08-10T01:00:00
L000031,VLV-2400,2025-07-08,,
L000032,VLV-2400,2026-04-29,,
L000033,VLV-2400,2025-07-13,RELEASED,2025-07-31T22:00:00
L000034,VLV-2400,2026-04-07,,
L000035,VLV-2400,2026-03-23,,
L000036,VLV-2400,2025-12-31,RELEASED,2026-01-28T19:00:00
L000037,VLV-2400,2025-05-19,RELEASED,2025-06-20T12:00:00
L000038,VLV-2400,2026-07-19,RELEASED,2026-08-22T02:00:00
L000039,VLV-2400,2025-08-10,RELEASED,2025-09-19T22:00:00
L000040,VLV-2400,2026-04-27,RELEASED,2026-06-12T02:00:00
L000041,VLV-2400,2025-06-24,,
L000042,VLV-2400,2026-01-30,RELEASED,2026-02-19T15:00:00
L000043,VLV-2400,2026-04-10,RELEASED,2026-05-01T08:00:00
L000044,VLV-2400,2025-10-18,RELEASED,2025-11-06T22:00:00
L000045,VLV-2400,2025-06-15,RELEASED,2025-08-02T16:00:00
L000046,VLV-2400,2025-05-21,,
L000047,VLV-2400,2025-11-24,RELEASED,2025-12-12T01:00:00
L000048,VLV-2400,2026-01-26,RELEASED,2026-02-13T20:00:00
L000049,VLV-2400,2025-06-25,,
L000050,VLV-2400,2025-11-29,,
L000051,VLV-2400,2025-07-17,,
L000052,VLV-2400,2026-04-29,RELEASED,2026-06-17T17:00:00
L000053,VLV-2400,2026-01-14,RELEASED,2026-01-23T00:00:00
L000054,VLV-2400,2026-07-13,RELEASED,2026-07-29T18:00:00
L000055,VLV-2400,2026-04-13,RELEASED,2026-05-08T17:00:00
L000056,VLV-2400,2025-09-18,RELEASED,2025-10-18T00:00:00
L000057,CAT-1100,2026-04-19,,
L000058,CAT-1100,2026-04-03,RELEASED,2026-04-17T15:00:00
L000059,CAT-1100,2025-11-05,RELEASED,2025-12-05T20:00:00
L000060,CAT-1100,2026-01-03,,
L000061,CAT-1100,2025-06-17,RELEASED,2025-06-25T19:00:00
L000062,CAT-1100,2025-09-27,,
L000063,CAT-1100,2025-12-11,,
L000064,CAT-1100,2025-09-19,,
L000065,CAT-1100,2026-07-22,,
L000066,CAT-1100,2026-04-28,,
L000067,CAT-1100,2026-01-06,,
L000068,CAT-1100,2025-11-15,RELEASED,2025-12-26T01:00:00
L000069,CAT-1100,2026-03-03,,
L000070,CAT-1100,2025-06-01,RELEASED,2025-07-11T01:00:00
L000071,CAT-1100,2025-11-25,,
L000072,CAT-1100,2025-05-07,RELEASED,2025-05-29T16:00:00
L000073,CAT-1100,2026-02-22,RELEASED,2026-04-10T17:00:00
L000074,CAT-1100,2026-05-20,RELEASED,2026-06-04T12:00:00
L000075,CAT-1100,2026-01-04,,
L000076,CAT-1100,2025-06-11,,
L000077,CAT-1100,2025-11-07,,
L000078,CAT-1100,2026-02-21,RELEASED,2026-03-24T18:00:00
L000079,CAT-1100,2025-11-08,RELEASED,2025-12-05T03:00:00
L000080,CAT-1100,2026-08-29,,
L000081,CAT-1100,2026-05-15,RELEASED,2026-05-19T20:00:00
L000082,CAT-1100,2026-07-18,RELEASED,2026-08-07T20:00:00
L000083,CAT-1100,2025-08-29,RELEASED,2025-09-19T15:00:00
L000084,CAT-1100,2026-01-01,RELEASED,2026-01-23T12:00:00
