SPEC_ID,PRODUCT,PRODUCT_GRADE,SAMPLING_POINT,ANALYSIS,SPEC_TYPE,MIN_VALUE,MAX_VALUE
1,,A,CR-101,SETTLE_PLATE_TSA,ALERT,0,1
2,,A,CR-101,SETTLE_PLATE_TSA,ACTION,0,1
3,,A,CR-101,VIABLE_AIR_USP,ALERT,0,1
4,,A,CR-101,VIABLE_AIR_USP,ACTION,0,1
5,,B,CR-102,SETTLE_PLATE_TSA,ALERT,0,3
6,,B,CR-102,SETTLE_PLATE_TSA,ACTION,0,5
7,,B,CR-102,VIABLE_AIR_USP,ALERT,0,10
8,,B,CR-102,VIABLE_AIR_USP,ACTION,0,20
9,,C,CR-103,SETTLE_PLATE_TSA,ALERT,0,25
10,,C,CR-103,SETTLE_PLATE_TSA,ACTION,0,50
11,,C,CR-103,VIABLE_AIR_USP,ALERT,0,100
12,,C,CR-103,VIABLE_AIR_USP,ACTION,0,200
13,,D,CR-104,SETTLE_PLATE_TSA,ALERT,0,50
14,,D,CR-104,SETTLE_PLATE_TSA,ACTION,0,100
15,,D,CR-104,VIABLE_AIR_USP,ALERT,0,200
16,,D,CR-104,VIABLE_AIR_USP,ACTION,0,400
17,VLV-2200,,,BIOBURDEN_USP61,RELEASE,0,100
18,VLV-2200,,,LAL_KINETIC,RELEASE,0,20
19,VLV-2400,,,BIOBURDEN_USP61,RELEASE,0,100
20,VLV-2400,,,LAL_KINETIC,RELEASE,0,20
21,CAT-1100,,,BIOBURDEN_USP61,RELEASE,0,100
22,CAT-1100,,,LAL_KINETIC,RELEASE,0,20
23,WFI-LOOP-1,,,WATER_BIOBURDEN,ACTION,0,10
24,PURIFIED-LOOP-2,,,WATER_BIOBURDEN,ACTION,0,10
